id,address,address2,city,zip,state,country
1,1790 Biscayne Blvd,Ste D,Miami,33132,FL,US
2,385 Southbridge Street,S080,Auburn,01501,MA,US
3,3450 Wrightsboro Rd.,Ste. 1075,Augusta ,30909,GA,US
4,442 Briarwood Circle ,Ste. F125,Ann Arbor,48108,MI,US
5,237 Cross Creek Mall,#TC-7,Fayetteville,28303,NC,US
6,1 Crossgates Mall Road,#L101A,Albany,12203,NY,US
7,3849 S Delsea Dr,Ste F18A,Vineland,08360,NJ,US
8,9090 Destiny USA Drive,#E106,Syracuse,13204,NY,US
9,1208 Fox Valley Center Drive,#H5,Aurora,60504,IL,US
10,1 N Galleria Dr,#D101,Middletown,10941,NY,US
11,3700 Atlanta Highway,#100,Athens,30606,GA,US
12,2034 Green Acres Mall,#223B,Valley Stream,11581,NY,US
13,122 Hawthorn Center,#526,Vernon Hills,60061,IL,US
14,1300 Ulster Avenue,#L03,Kingston,12401,NY,US
15,6200 20th St,Ste 618,Vero Beach,32966,FL,US
16,1700 W New Haven Ave,Ste 827,Melbourne,32904,FL,US
17,470 Lewis Avenue,#23,Meriden,06451,CT,US
18,275 Millcreek Mall,"",Erie,16565,PA,US
19,2001 South Rd #209,"",Poughkeepsie,12601,NY,US
20,12801 W Sunrise Blvd,#283,Sunrise,33323,FL,US
21,250 Granite Street,#1098,Braintree,02184,MA,US
22,230 Southpark Circle,#F70,Colonial Heights,23834,VA,US
23,11110 Mall Circle,"",Waldorf,20603,MD,US
24,One Sunrise Mall,#2090,Massapequa,11758,NY,US
25,10300 Little Patuxent Pkwy,#2385,Columbia,21044,MD,US
26,6000 Glades Road,#1097,Boca Raton,33431,FL,US
27,3222 NW Federal Hwy,"",Jensen Beach,34957,FL,US
28,5065 Main Street,Suite 133,Trumbull,06611,CT,US
29,17301 Valley Mall Road,#538,Hagerstown,21740,MD,US
30,7101 Democracy Blvd,"",Bethesda,20817,MD,US
31,6000 N. Terminal Pkwy,"",Atlanta,30320,GA,US
32,3335 Cobb Pkwy Nw,"",Acworth,30101,GA,US
33,100 S Colonial Dr,"",Alabaster,35007,AL,US
34,975 N Point Dr,"",Alpharetta,30022,GA,US
35,2411 S Kensington Dr,"",Appleton,54915,WI,US
36,4240 W Wisconsin Ave,"",Appleton,54913,WI,US
37,1337 S Washington St,"",North Attleboro,02760,MA,US
38,649 Turner St,"",Auburn,04210,ME,US
39,1200 Airport Drive,"",S. Burlington,5403,VT,US
40,4200 Genesee Street,"",Cheektowaga,14225,NY,US
41,5799 Leesburg Pike,"",Falls Church,22041,VA,US
42,12765 Harper Village Dr ,Ste 160,Battle Creek,49014,MI,US
43,1515 Orchard Xing,"",Benton Harbor,49022,MI,US
44,350 W Army Trail Rd,"",Bloomingdale,60108,IL,US
45,15800 Collington Rd,"",Bowie,20715,MD,US
46,550 Grossman Dr,"",Braintree,02184,MA,US
47,2537 Piedmont Rd NE,"",Atlanta,30324,GA,US
48,143 Airport Blvd,"",Cleveland,44181,OH,US
49,4600 International Gateway,"",Columbus,43219,OH,US
50,793 Iyannough Rd ,Ste A,Hyannis,02601,MA,US
51,2290 Gunbarrel Rd,Ste 114,Chattanooga,37421,TN,US
52,4807 Concord Pike,"",Wilmington,19803,DE,US
53,I-95 Southbound past exit 40,"",Milford,6460,CT,US
54,6300 Grandview Pkwy,"",Davenport,33837,FL,US
55,2200 S University Dr,"",Davie,33324,FL,US
56,16221 Ford Rd Fairlane Meadows,"",Dearborn,48126,MI,US
57,34940 Emerald Coast Pkwy,Unit 150,Destin,32541,FL,US
58,6875 Douglas Blvd,"",Douglasville,30135,GA,US
59,300 State Route 18 ,Suite 4,East Brunswick,08816,NJ,US
60,410 State Route 10,"",East Hanover,07936,NJ,US
61,2050 N Dixie Hwy,"",Elizabethtown,42701,KY,US
62,100 Aviation Blvd.,"",Ft. Lauderdale,33315,FL,US
63,335 N Pioneer Rd,"",Fond Du Lac,54935,WI,US
64,8755 N. Port Washington Rd.,"",Fox Point,53217,WI,US
65,1 Worcester Rd,"",Framingham,01701,MA,US
66,670 Dawsonville Hwy,"",Gainesville,30501,GA,US
67,3054 E Franklin Blvd,"",Gastonia,28056,NC,US
68,4830 Wilson Ave SW,"",Grandville,49418,MI,US
69,2650 E Beltline Ave SE,"",Grand Rapids,49546,MI,US
70,10545 Hwy 49,"",Gulfport,39503,MS,US
71,2345 Marketplace Dr,"",Rochester,14623,NY,US
72,10243 Indianapolis Blvd,"",Highland,46322,IN,US
73,4250 Route 9,"",Howell,07731,NJ,US
74,7800 Col. H. Weir Cook Memorial Dr.,"",Indianapolis,46241,IN,US
75,"2700 Crego Rd; I-88, West of the Peace Road exit Mile post 93","",DeKalb,60115,IL,US
76,1014 Jackson Xing,"",Jackson,49202,MI,US
77,1584 N State Route 50,"",Bourbonnais,60914,IL,US
78,700 N Edwards Blvd,"",Lake Geneva,53147,WI,US
79,14160 Baltimore Ave,Laurel Lakes Centre,Laurel,20707,MD,US
80,274 Plainfield Rd,"",West Lebanon,03784,NH,US
81,33 Orchard Hill Park Dr,"",Leominster,01453,MA,US
82,5001 Northern Blvd,"",Long Island City,11101,NY,US
83,One Airport Blvd.,"",Orlando,32827,FL,US
84,One Airport Blvd.,"",Orlando,32827,FL,US
85,One Airport Blvd.,"",Orlando,32827,FL,US
86,One Airport Blvd.,"",Orlando,32827,FL,US
87,1500 S Willow St,"",Manchester,03103,NH,US
88,470 Lewis Ave,"",Meriden,06450,CT,US
89,133 S Frontage Rd,"",Meridian,39301,MS,US
90,1100 N Galleria Dr,"",Middletown,10941,NY,US
91,200 Mall Circle Dr,"",Monroeville,15146,PA,US
92,1420 Nixon Dr ,Eastgate Square,Mt Laurel,08054,NJ,US
93,115 Lycoming Mall Cir,"",Muncy,17756,PA,US
94,53 Boston Post Rd,"",Orange,06477,CT,US
95,1000 E 23rd St,"",Panama City,32405,FL,US
96,4611 24th Ave ,Ft Gratiot Center,Ft Gratiot,48059,MI,US
97,364 Maine Mall Rd,Box #301,South Portland,04106,ME,US
98,Upland Square Drive ,Suite 200,Stowe,19464,PA,US
99,2431 Cobbs Ford Rd,"",Prattville,36066,AL,US
100,3334 Princess Anne Rd,"",Virginia Beach,23456,VA,US
101,2311 Gallatin Pike N,"",Madison,37115,TN,US
102,1440 Old Country Rd,Suite 100,Riverhead,11901,NY,US
103,4210 Milan Rd,"",Sandusky,44870,OH,US
104,5000 Alicia Dr,"",Bethel Park,15102,PA,US
105,1725 N Dale Mabry Hwy,"",Tampa,33607,FL,US
106,6555 Frontier Dr,"",Springfield,22150,VA,US
107,1145 Commons Cir,"",Plover,54467,WI,US
108,9930 Southside Blvd,"",Jacksonville,32256,FL,US
109,50 Massachusetts Avenue NE,"",Washington,20002,DC,US
110,1880 Broadway,"",New York,10023,NY,US
111,91 Silhavy Rd ,Ste 101,Valparaiso,46383,IN,US
112,21085 Salmon Run Mall Loop W,"",Watertown,13601,NY,US
113,1040 S State Road 7,"",Wellington,33414,FL,US
114,30 Andrews Dr,"",Woodland Park,07424,NJ,US
115,601 East Jubal Early Dr,"",Winchester,22601,VA,US
116,7771 Winchester Rd,"",Memphis,38125,TN,US
